state,year,drug_deaths,population,unemployment_rate
Alabama,1999,195,4430141,4.7
Alabama,2000,232,4447100,4.6
Alabama,2001,253,4467634,5.1
Alabama,2002,248,4480089,5.9
Alabama,2003,255,4503491,6
Alabama,2004,327,4530729,5.7
Alabama,2005,332,4569805,4.5
Alabama,2006,466,4628981,4
Alabama,2007,554,4672840,4
Alabama,2008,646,4718206,5.7
Alabama,2009,688,4757938,11
Alabama,2010,585,4779736,10.5
Alabama,2011,605,4802740,9.6
Alabama,2012,632,4822023,8
Alabama,2013,648,4833722,7.2
Alabama,2014,800,4849377,6.8
Alabama,2015,810,4858979,6.1
Alabama,2016,855,4863300,5.9
Alaska,1999,56,624779,6.5
Alaska,2000,54,626932,6.4
Alaska,2001,72,633714,6.4
Alaska,2002,85,642337,7.3
Alaska,2003,86,648414,7.8
Alaska,2004,92,659286,7.5
Alaska,2005,85,666946,6.9
Alaska,2006,85,675302,6.6
Alaska,2007,75,680300,6.3
Alaska,2008,132,687455,6.7
Alaska,2009,133,698895,7.7
Alaska,2010,84,710231,7.9
Alaska,2011,107,722718,7.6
Alaska,2012,132,731449,7.1
Alaska,2013,110,735132,7
Alaska,2014,127,736732,6.9
Alaska,2015,127,738432,6.5
Alaska,2016,138,741894,6.9
Arizona,1999,557,5023823,4.4
Arizona,2000,559,5130632,4
Arizona,2001,598,5273477,4.8
Arizona,2002,667,5396255,6.1
Arizona,2003,739,5510364,5.7
Arizona,2004,803,5652404,5
Arizona,2005,849,5839077,4.7
Arizona,2006,959,6029141,4.2
Arizona,2007,981,6167681,3.9
Arizona,2008,853,6280362,6.2
Arizona,2009,1041,6343154,9.9
Arizona,2010,1141,6392017,10.4
Arizona,2011,1118,6482505,9.5
Arizona,2012,1206,6553255,8.3
Arizona,2013,1304,6626624,7.7
Arizona,2014,1274,6731484,6.8
Arizona,2015,1351,6828065,6.1
Arizona,2016,1500,6931071,5.4
Arkansas,1999,121,2651860,4.6
Arkansas,2000,151,2673400,4.3
Arkansas,2001,131,2691571,5
Arkansas,2002,190,2705927,5.5
Arkansas,2003,203,2724816,5.9
Arkansas,2004,249,2749686,5.7
Arkansas,2005,286,2781097,5.2
Arkansas,2006,307,2821761,5.2
Arkansas,2007,326,2848650,5.3
Arkansas,2008,390,2874554,5.5
Arkansas,2009,384,2896843,7.8
Arkansas,2010,374,2915918,8.2
Arkansas,2011,375,2937979,8.3
Arkansas,2012,398,2949131,7.6
Arkansas,2013,343,2959373,7.2
Arkansas,2014,377,2966369,6
Arkansas,2015,425,2978204,5
Arkansas,2016,423,2988248,3.9
California,1999,3091,33499204,5.2
California,2000,2301,33871648,4.9
California,2001,1507,34479458,5.4
California,2002,3418,34871843,6.7
California,2003,3614,35253159,6.8
California,2004,3681,35574576,6.2
California,2005,3821,35827943,5.4
California,2006,4026,36021202,4.9
California,2007,4178,36250311,5.4
California,2008,4147,36604337,7.3
California,2009,4290,36961229,11.2
California,2010,4258,37253956,12.2
California,2011,4429,37691912,11.7
California,2012,4304,38041430,10.4
California,2013,4747,38332521,8.9
California,2014,4816,38802500,7.5
California,2015,5025,39144818,6.2
California,2016,5094,39250017,5.5
Colorado,1999,375,4226018,3.1
Colorado,2000,372,4301261,2.8
Colorado,2001,444,4425687,3.8
Colorado,2002,474,4490406,5.5
Colorado,2003,529,4528732,6
Colorado,2004,548,4575013,5.5
Colorado,2005,640,4631888,5
Colorado,2006,660,4720423,4.3
Colorado,2007,747,4803868,3.7
Colorado,2008,760,4889730,4.8
Colorado,2009,784,4972195,7.3
Colorado,2010,676,5029196,8.7
Colorado,2011,852,5116796,8.4
Colorado,2012,826,5187582,7.9
Colorado,2013,864,5268367,6.9
Colorado,2014,917,5355866,5
Colorado,2015,893,5456574,3.9
Colorado,2016,973,5540545,3.3
Connecticut,1999,330,3386401,2.9
Connecticut,2000,336,3405565,2.4
Connecticut,2001,326,3432835,3.1
Connecticut,2002,377,3458749,4.3
Connecticut,2003,338,3484336,5.4
Connecticut,2004,360,3496094,5
Connecticut,2005,352,3506956,4.9
Connecticut,2006,458,3517460,4.3
Connecticut,2007,444,3527270,4.5
Connecticut,2008,397,3545579,5.7
Connecticut,2009,397,3561807,7.9
Connecticut,2010,372,3574097,9.1
Connecticut,2011,416,3580709,8.8
Connecticut,2012,451,3590347,8.3
Connecticut,2013,600,3596080,7.8
Connecticut,2014,639,3596677,6.6
Connecticut,2015,827,3590886,5.7
Connecticut,2016,997,3576452,5.1
Delaware,1999,55,774990,3.4
Delaware,2000,60,783600,3.7
Delaware,2001,70,795699,3.5
Delaware,2002,85,806169,4
Delaware,2003,88,818003,4.3
Delaware,2004,92,830803,4
Delaware,2005,67,845150,4.1
Delaware,2006,83,859268,3.6
Delaware,2007,102,871749,3.4
Delaware,2008,125,883874,4.9
Delaware,2009,139,891730,8.3
Delaware,2010,147,897934,8.4
Delaware,2011,166,907135,7.5
Delaware,2012,150,917092,7.2
Delaware,2013,170,925749,6.7
Delaware,2014,204,935614,5.7
Delaware,2015,208,945934,4.9
Delaware,2016,288,952065,4.5
District of Columbia,1999,55,570213,6.4
District of Columbia,2000,84,572059,5.6
District of Columbia,2001,111,574504,6.3
District of Columbia,2002,70,573158,6.4
District of Columbia,2003,119,568502,6.8
District of Columbia,2004,109,567754,7.8
District of Columbia,2005,94,567136,6.4
District of Columbia,2006,129,570681,5.8
District of Columbia,2007,90,574404,5.5
District of Columbia,2008,77,580236,6.5
District of Columbia,2009,58,592228,9.3
District of Columbia,2010,90,601723,9.4
District of Columbia,2011,94,617996,10.2
District of Columbia,2012,85,632323,9
District of Columbia,2013,113,646449,8.5
District of Columbia,2014,106,658893,7.8
District of Columbia,2015,130,672228,6.9
District of Columbia,2016,276,681170,6.1
Florida,1999,1061,15759421,3.9
Florida,2000,1237,15982378,3.7
Florida,2001,1833,16356966,4.7
Florida,2002,2041,16689370,5.6
Florida,2003,2153,17004085,5.2
Florida,2004,2408,17415318,4.6
Florida,2005,2664,17842038,3.7
Florida,2006,2928,18166990,3.2
Florida,2007,2936,18367842,4
Florida,2008,3097,18527305,6.3
Florida,2009,3193,18652644,10.4
Florida,2010,3181,18801310,11.1
Florida,2011,3033,19057542,10
Florida,2012,2697,19317568,8.5
Florida,2013,2603,19552860,7.2
Florida,2014,2804,19893297,6.3
Florida,2015,3377,20271272,5.5
Florida,2016,4963,20612439,4.8
Georgia,1999,347,8045965,3.9
Georgia,2000,429,8186453,3.6
Georgia,2001,591,8377038,4
Georgia,2002,631,8508256,5
Georgia,2003,684,8622793,4.8
Georgia,2004,730,8769252,4.8
Georgia,2005,820,8925922,5.3
Georgia,2006,912,9155813,4.7
Georgia,2007,973,9349988,4.5
Georgia,2008,977,9504843,6.2
Georgia,2009,1043,9620846,9.9
Georgia,2010,1124,9687653,10.5
Georgia,2011,1112,9815210,10.2
Georgia,2012,1115,9919945,9.2
Georgia,2013,1160,9992167,8.2
Georgia,2014,1268,10097343,7.1
Georgia,2015,1370,10214860,6
Georgia,2016,1461,10310371,5.4
Hawaii,1999,83,1210300,5.4
Hawaii,2000,64,1211537,4.2
Hawaii,2001,83,1225948,4.5
Hawaii,2002,85,1239613,4.2
Hawaii,2003,102,1251154,4.1
Hawaii,2004,128,1273569,3.4
Hawaii,2005,143,1292729,2.9
Hawaii,2006,131,1309731,2.6
Hawaii,2007,142,1315675,2.8
Hawaii,2008,129,1332213,4.3
Hawaii,2009,148,1346717,7.2
Hawaii,2010,154,1360301,6.9
Hawaii,2011,189,1374810,6.8
Hawaii,2012,159,1392313,6
Hawaii,2013,167,1404054,4.9
Hawaii,2014,174,1419561,4.4
Hawaii,2015,175,1431603,3.6
Hawaii,2016,207,1428557,2.9
Idaho,1999,66,1275674,4.9
Idaho,2000,70,1293953,4.7
Idaho,2001,99,1319962,5.1
Idaho,2002,123,1340372,5.6
Idaho,2003,118,1363380,5.6
Idaho,2004,113,1391802,4.9
Idaho,2005,118,1428241,4
Idaho,2006,147,1468669,3.5
Idaho,2007,133,1505105,3.1
Idaho,2008,152,1534320,5.1
Idaho,2009,181,1554439,8.8
Idaho,2010,184,1567582,9
Idaho,2011,199,1584985,8.3
Idaho,2012,188,1595728,7.2
Idaho,2013,217,1612136,6.1
Idaho,2014,218,1634464,4.9
Idaho,2015,224,1654930,4.2
Idaho,2016,260,1683140,3.8
Illinois,1999,872,12359020,4.4
Illinois,2000,910,12419293,4.3
Illinois,2001,930,12488445,5.3
Illinois,2002,1030,12525556,6.5
Illinois,2003,872,12556006,6.8
Illinois,2004,1080,12589773,6.2
Illinois,2005,1140,12609903,5.7
Illinois,2006,1423,12643955,4.5
Illinois,2007,1239,12695866,5
Illinois,2008,1412,12747038,6.3
Illinois,2009,1427,12796778,10.2
Illinois,2010,1344,12830632,10.4
Illinois,2011,1459,12869257,9.7
Illinois,2012,1667,12875255,9
Illinois,2013,1607,12882135,9
Illinois,2014,1736,12880580,7.1
Illinois,2015,1872,12859995,6
Illinois,2016,2455,12801539,5.8
Indiana,1999,251,6044969,3
Indiana,2000,289,6080485,3.1
Indiana,2001,348,6127760,4.2
Indiana,2002,345,6155967,5.2
Indiana,2003,498,6196638,5.3
Indiana,2004,606,6233007,5.4
Indiana,2005,665,6278616,5.5
Indiana,2006,773,6332669,5
Indiana,2007,827,6379599,4.6
Indiana,2008,869,6424806,5.9
Indiana,2009,929,6459325,10.3
Indiana,2010,964,6483802,10.4
Indiana,2011,1006,6516922,9.1
Indiana,2012,1056,6537334,8.3
Indiana,2013,1122,6570902,7.7
Indiana,2014,1233,6596855,6
Indiana,2015,1310,6619680,4.8
Indiana,2016,1574,6633053,4.4
Iowa,1999,59,2917634,2.6
Iowa,2000,79,2926324,2.6
Iowa,2001,90,2931997,3.3
Iowa,2002,101,2934234,4
Iowa,2003,110,2941999,4.5
Iowa,2004,132,2953635,4.5
Iowa,2005,154,2964454,4.3
Iowa,2006,199,2982644,3.7
Iowa,2007,211,2999212,3.7
Iowa,2008,214,3016734,4.2
Iowa,2009,213,3032870,6.4
Iowa,2010,258,3046355,6
Iowa,2011,265,3062309,5.5
Iowa,2012,268,3074186,5
Iowa,2013,287,3090416,4.7
Iowa,2014,273,3107126,4.2
Iowa,2015,332,3123899,3.8
Iowa,2016,338,3134693,3.6
Kansas,1999,100,2678338,3.3
Kansas,2000,112,2688418,3.6
Kansas,2001,148,2702162,4.2
Kansas,2002,189,2713535,5.1
Kansas,2003,197,2723004,5.5
Kansas,2004,238,2734373,5.5
Kansas,2005,284,2745299,5
Kansas,2006,292,2762931,4.4
Kansas,2007,294,2783785,4.2
Kansas,2008,241,2808076,4.6
Kansas,2009,318,2832704,6.9
Kansas,2010,288,2853118,7.1
Kansas,2011,317,2871238,6.5
Kansas,2012,341,2885905,5.7
Kansas,2013,356,2893957,5.3
Kansas,2014,349,2904021,4.5
Kansas,2015,349,2911641,4.2
Kansas,2016,333,2907289,4
Kentucky,1999,215,4018053,4.5
Kentucky,2000,257,4041769,4.2
Kentucky,2001,370,4068132,5.2
Kentucky,2002,451,4089875,5.7
Kentucky,2003,588,4117170,6.1
Kentucky,2004,559,4146101,5.4
Kentucky,2005,662,4182742,5.9
Kentucky,2006,766,4219239,5.7
Kentucky,2007,722,4256672,5.4
Kentucky,2008,779,4289878,6.4
Kentucky,2009,786,4317074,10.3
Kentucky,2010,1036,4339367,10.2
Kentucky,2011,1099,4369356,9.4
Kentucky,2012,1126,4380415,8.2
Kentucky,2013,1049,4395295,8
Kentucky,2014,1128,4413457,6.5
Kentucky,2015,1332,4425092,5.3
Kentucky,2016,1525,4436974,5.1
Louisiana,1999,246,4460811,5.1
Louisiana,2000,335,4468976,5.3
Louisiana,2001,351,4477875,5.7
Louisiana,2002,468,4497267,6.1
Louisiana,2003,630,4521042,6.4
Louisiana,2004,656,4552238,5.9
Louisiana,2005,752,4576628,7.2
Louisiana,2006,800,4302665,4.5
Louisiana,2007,862,4375581,4.3
Louisiana,2008,686,4435586,4.9
Louisiana,2009,623,4491648,6.8
Louisiana,2010,616,4533372,8
Louisiana,2011,618,4574836,7.8
Louisiana,2012,588,4601893,7.1
Louisiana,2013,836,4625470,6.7
Louisiana,2014,810,4649676,6.4
Louisiana,2015,901,4670724,6.3
Louisiana,2016,1036,4681666,6
Maine,1999,70,1266808,4
Maine,2000,62,1274923,3.4
Maine,2001,92,1285692,3.8
Maine,2002,147,1295960,4.3
Maine,2003,134,1306513,5
Maine,2004,145,1313688,4.6
Maine,2005,168,1318787,4.9
Maine,2006,166,1323619,4.6
Maine,2007,161,1327040,4.7
Maine,2008,162,1330509,5.5
Maine,2009,182,1329590,8.1
Maine,2010,140,1328361,8.1
Maine,2011,160,1328188,7.9
Maine,2012,157,1329192,7.5
Maine,2013,183,1328302,6.6
Maine,2014,227,1330089,5.6
Maine,2015,278,1329328,4.4
Maine,2016,369,1331479,3.8
Maryland,1999,660,5254509,3.6
Maryland,2000,657,5296486,3.6
Maryland,2001,676,5374691,4
Maryland,2002,759,5440389,4.4
Maryland,2003,834,5496269,4.4
Maryland,2004,721,5546935,4.3
Maryland,2005,696,5592379,4.1
Maryland,2006,805,5627367,3.9
Maryland,2007,807,5653408,3.5
Maryland,2008,731,5684965,4.2
Maryland,2009,768,5730388,7
Maryland,2010,674,5773552,7.7
Maryland,2011,731,5828289,7.2
Maryland,2012,860,5884563,7
Maryland,2013,908,5928814,6.6
Maryland,2014,1095,5976407,5.8
Maryland,2015,1320,6006401,5.1
Maryland,2016,2089,6016447,4.4
Massachusetts,1999,512,6317345,3.2
Massachusetts,2000,484,6349097,2.7
Massachusetts,2001,714,6397634,3.7
Massachusetts,2002,736,6417206,5.3
Massachusetts,2003,876,6422565,5.7
Massachusetts,2004,704,6412281,5.1
Massachusetts,2005,867,6403290,4.8
Massachusetts,2006,1021,6410084,4.9
Massachusetts,2007,1003,6431559,4.6
Massachusetts,2008,885,6468967,5.5
Massachusetts,2009,916,6517613,8.1
Massachusetts,2010,836,6547629,8.3
Massachusetts,2011,1017,6587536,7.3
Massachusetts,2012,976,6646144,6.7
Massachusetts,2013,1200,6692824,6.7
Massachusetts,2014,1402,6745408,5.7
Massachusetts,2015,1851,6794422,4.8
Massachusetts,2016,2379,6811779,3.9
Michigan,1999,708,9897116,3.7
Michigan,2000,871,9938444,3.6
Michigan,2001,955,9991120,5.2
Michigan,2002,1080,10015710,6.3
Michigan,2003,1062,10041152,7.2
Michigan,2004,1208,10055315,7
Michigan,2005,1398,10051137,6.8
Michigan,2006,1661,10036081,7
Michigan,2007,1542,10001284,7
Michigan,2008,1575,9946889,8
Michigan,2009,1750,9901591,13.7
Michigan,2010,1723,9883640,12.6
Michigan,2011,1702,9876187,10.4
Michigan,2012,1623,9883360,9.1
Michigan,2013,1812,9895622,8.8
Michigan,2014,2048,9909877,7.2
Michigan,2015,2316,9922576,5.4
Michigan,2016,2701,9928300,5
Minnesota,1999,169,4873481,2.8
Minnesota,2000,161,4919479,3.2
Minnesota,2001,226,4982796,3.8
Minnesota,2002,241,5018935,4.5
Minnesota,2003,296,5053572,4.9
Minnesota,2004,302,5087713,4.7
Minnesota,2005,338,5119598,4.1
Minnesota,2006,378,5163555,4
Minnesota,2007,359,5207203,4.6
Minnesota,2008,398,5247018,5.4
Minnesota,2009,441,5281203,7.8
Minnesota,2010,427,5303925,7.4
Minnesota,2011,557,5344861,6.5
Minnesota,2012,539,5379139,5.6
Minnesota,2013,579,5420380,5
Minnesota,2014,586,5457173,4.2
Minnesota,2015,653,5489594,3.7
Minnesota,2016,750,5519952,3.9
Mississippi,1999,101,2828408,5.1
Mississippi,2000,123,2844658,5.4
Mississippi,2001,183,2852994,5.5
Mississippi,2002,202,2858681,6.6
Mississippi,2003,225,2868312,6.3
Mississippi,2004,245,2889010,6.2
Mississippi,2005,263,2905943,7.5
Mississippi,2006,368,2904978,6.5
Mississippi,2007,334,2928350,6.1
Mississippi,2008,321,2947806,6.6
Mississippi,2009,345,2958774,9.5
Mississippi,2010,353,2967297,10.4
Mississippi,2011,317,2978512,10
Mississippi,2012,328,2984926,9
Mississippi,2013,327,2991207,8.5
Mississippi,2014,361,2994079,7.5
Mississippi,2015,369,2992333,6.4
Mississippi,2016,374,2988726,5.8
Missouri,1999,294,5561948,3.3
Missouri,2000,327,5595211,3.6
Missouri,2001,381,5641142,4.6
Missouri,2002,443,5674825,5.4
Missouri,2003,550,5709403,5.6
Missouri,2004,574,5747741,5.9
Missouri,2005,640,5790300,5.4
Missouri,2006,765,5842704,4.8
Missouri,2007,730,5887612,5.1
Missouri,2008,779,5923916,6.1
Missouri,2009,881,5961088,9.3
Missouri,2010,1024,5988927,9.6
Missouri,2011,990,6010688,8.5
Missouri,2012,961,6021988,6.9
Missouri,2013,1041,6044171,6.7
Missouri,2014,1107,6063589,6.1
Missouri,2015,1098,6083672,5
Missouri,2016,1418,6093000,4.6
Montana,1999,48,897507,5.3
Montana,2000,47,902195,5
Montana,2001,62,906961,4.5
Montana,2002,85,911667,4.4
Montana,2003,116,919630,4.7
Montana,2004,119,930009,4.8
Montana,2005,119,940102,4.4
Montana,2006,121,952692,3.5
Montana,2007,132,964706,3.6
Montana,2008,141,976415,5.1
Montana,2009,147,983982,6.8
Montana,2010,123,989415,7.3
Montana,2011,150,998199,6.9
Montana,2012,129,1005141,6
Montana,2013,156,1015165,5.4
Montana,2014,145,1023579,4.7
Montana,2015,152,1032949,4.2
Montana,2016,136,1042520,4.1
Nebraska,1999,41,1704764,2.8
Nebraska,2000,52,1711263,2.8
Nebraska,2001,69,1719836,3.1
Nebraska,2002,69,1728292,3.6
Nebraska,2003,88,1738643,3.9
Nebraska,2004,91,1749370,3.9
Nebraska,2005,129,1761497,3.8
Nebraska,2006,131,1772693,3.1
Nebraska,2007,92,1783440,3
Nebraska,2008,113,1796378,3.3
Nebraska,2009,118,1812683,4.6
Nebraska,2010,130,1826341,4.6
Nebraska,2011,148,1842641,4.4
Nebraska,2012,154,1855525,4
Nebraska,2013,137,1868516,3.8
Nebraska,2014,140,1881503,3.3
Nebraska,2015,139,1896190,3
Nebraska,2016,146,1907116,3.1
Nevada,1999,236,1934718,4
Nevada,2000,281,1998257,4.2
Nevada,2001,268,2098399,5.2
Nevada,2002,332,2173791,5.6
Nevada,2003,350,2248850,5.1
Nevada,2004,395,2346222,4.3
Nevada,2005,464,2432143,4.1
Nevada,2006,471,2522658,4
Nevada,2007,515,2601072,4.5
Nevada,2008,529,2653630,6.7
Nevada,2009,555,2684665,11.3
Nevada,2010,581,2700551,13.5
Nevada,2011,642,2723322,13
Nevada,2012,611,2758931,11.2
Nevada,2013,622,2790136,9.6
Nevada,2014,555,2839099,7.9
Nevada,2015,629,2890845,6.8
Nevada,2016,678,2940058,5.7
New Hampshire,1999,62,1222014,2.7
New Hampshire,2000,49,1235786,2.7
New Hampshire,2001,83,1255517,3.4
New Hampshire,2002,114,1269089,4.5
New Hampshire,2003,137,1279840,4.3
New Hampshire,2004,128,1290121,3.8
New Hampshire,2005,152,1298492,3.6
New Hampshire,2006,160,1308389,3.4
New Hampshire,2007,187,1312540,3.5
New Hampshire,2008,129,1315906,3.9
New Hampshire,2009,172,1316102,6.2
New Hampshire,2010,164,1316470,5.8
New Hampshire,2011,212,1318194,5.4
New Hampshire,2012,177,1320718,5.5
New Hampshire,2013,217,1323459,5.1
New Hampshire,2014,348,1326813,4.3
New Hampshire,2015,433,1330608,3.4
New Hampshire,2016,495,1334795,2.9
New Jersey,1999,757,8359592,4.5
New Jersey,2000,795,8414350,3.7
New Jersey,2001,796,8492671,4.3
New Jersey,2002,885,8552643,5.8
New Jersey,2003,792,8601402,5.8
New Jersey,2004,711,8634561,4.8
New Jersey,2005,966,8651974,4.5
New Jersey,2006,1009,8661679,4.7
New Jersey,2007,797,8677885,4.3
New Jersey,2008,808,8711090,5.3
New Jersey,2009,343,8755602,9.1
New Jersey,2010,903,8791894,9.5
New Jersey,2011,1042,8821155,9.3
New Jersey,2012,1268,8864590,9.3
New Jersey,2013,1331,8899339,8.2
New Jersey,2014,1303,8938175,6.8
New Jersey,2015,1506,8958013,5.8
New Jersey,2016,2132,8944469,5
New Mexico,1999,275,1808082,5.6
New Mexico,2000,281,1819046,4.9
New Mexico,2001,277,1831690,4.9
New Mexico,2002,301,1855309,5.5
New Mexico,2003,373,1877574,5.9
New Mexico,2004,331,1903808,5.5
New Mexico,2005,385,1932274,5.1
New Mexico,2006,435,1962137,4.2
New Mexico,2007,471,1990070,3.8
New Mexico,2008,534,2010662,4.5
New Mexico,2009,447,2036802,7.5
New Mexico,2010,487,2059179,8.1
New Mexico,2011,537,2082224,7.5
New Mexico,2012,502,2085538,7.1
New Mexico,2013,471,2085287,6.9
New Mexico,2014,559,2085572,6.7
New Mexico,2015,516,2085109,6.5
New Mexico,2016,525,2081015,6.7
New York,1999,1102,18882725,5.2
New York,2000,901,18976457,4.5
New York,2001,1280,19082838,4.8
New York,2002,1118,19137800,6.1
New York,2003,1209,19175939,6.4
New York,2004,1068,19171567,5.8
New York,2005,1175,19132610,5
New York,2006,1949,19104631,4.5
New York,2007,1909,19132335,4.6
New York,2008,1856,19212436,5.4
New York,2009,1797,19307066,8.3
New York,2010,1760,19378102,8.6
New York,2011,2149,19465197,8.3
New York,2012,2262,19570261,8.5
New York,2013,2483,19651127,7.7
New York,2014,2510,19746227,6.3
New York,2015,3009,19795791,5.3
New York,2016,3894,19745289,4.8
North Carolina,1999,401,7949361,3.2
North Carolina,2000,531,8049313,3.7
North Carolina,2001,584,8210122,5.5
North Carolina,2002,684,8326201,6.6
North Carolina,2003,833,8422501,6.4
North Carolina,2004,918,8553152,5.5
North Carolina,2005,1061,8705407,5.2
North Carolina,2006,1120,8917270,4.7
North Carolina,2007,1125,9118037,4.7
North Carolina,2008,1217,9309449,6.1
North Carolina,2009,1223,9449566,10.6
North Carolina,2010,1125,9535483,10.9
North Carolina,2011,1303,9656401,10.3
North Carolina,2012,1346,9752073,9.3
North Carolina,2013,1308,9848060,8
North Carolina,2014,1435,9943964,6.3
North Carolina,2015,1636,10042802,5.7
North Carolina,2016,2040,10146788,5.1
North Dakota,1999,15,644259,3.3
North Dakota,2000,16,642200,3
North Dakota,2001,17,639062,2.9
North Dakota,2002,24,638168,3.7
North Dakota,2003,27,638817,3.7
North Dakota,2004,21,644705,3.4
North Dakota,2005,13,646089,3.4
North Dakota,2006,16,649422,3.2
North Dakota,2007,37,652822,3.1
North Dakota,2008,48,657569,3.2
North Dakota,2009,28,664968,4.1
North Dakota,2010,26,672591,3.8
North Dakota,2011,22,683932,3.5
North Dakota,2012,27,699628,3.1
North Dakota,2013,27,723393,2.9
North Dakota,2014,48,739482,2.7
North Dakota,2015,65,756927,2.8
North Dakota,2016,86,757952,3.1
Ohio,1999,534,11335454,4.3
Ohio,2000,625,11353140,4
Ohio,2001,808,11387404,4.3
Ohio,2002,1025,11407889,5.7
Ohio,2003,852,11434788,6.2
Ohio,2004,1266,11452251,6.3
Ohio,2005,1382,11463320,5.9
Ohio,2006,1606,11481213,5.4
Ohio,2007,1691,11500468,5.6
Ohio,2008,1811,11515391,6.4
Ohio,2009,1340,11528896,10.3
Ohio,2010,1911,11536504,10.3
Ohio,2011,2127,11544951,8.8
Ohio,2012,2207,11544225,7.4
Ohio,2013,2450,11570808,7.5
Ohio,2014,2832,11594163,5.8
Ohio,2015,3418,11613423,4.9
Ohio,2016,4477,11614373,5
Oklahoma,1999,189,3437147,3.5
Oklahoma,2000,250,3450654,3
Oklahoma,2001,282,3467100,3.7
Oklahoma,2002,257,3489080,4.7
Oklahoma,2003,411,3504892,5.5
Oklahoma,2004,527,3525233,4.9
Oklahoma,2005,533,3548597,4.5
Oklahoma,2006,619,3594090,4
Oklahoma,2007,687,3634349,4.1
Oklahoma,2008,585,3668976,3.7
Oklahoma,2009,766,3717572,6.4
Oklahoma,2010,728,3751351,6.8
Oklahoma,2011,715,3791508,5.9
Oklahoma,2012,782,3814820,5.2
Oklahoma,2013,800,3850568,5.3
Oklahoma,2014,809,3878051,4.5
Oklahoma,2015,751,3911338,4.4
Oklahoma,2016,840,3923561,4.8
Oregon,1999,329,3393941,5.5
Oregon,2000,306,3421399,5.1
Oregon,2001,321,3467937,6.4
Oregon,2002,411,3513424,7.5
Oregon,2003,482,3547376,8.1
Oregon,2004,482,3569463,7.3
Oregon,2005,513,3613202,6.2
Oregon,2006,584,3670883,5.3
Oregon,2007,564,3722417,5.2
Oregon,2008,521,3768748,6.5
Oregon,2009,576,3808600,11.3
Oregon,2010,576,3831074,10.6
Oregon,2011,596,3871859,9.5
Oregon,2012,568,3899353,8.8
Oregon,2013,545,3930065,7.9
Oregon,2014,617,3970239,6.8
Oregon,2015,609,4028977,5.6
Oregon,2016,651,4093465,4.8
Pennsylvania,1999,1049,12263805,4.4
Pennsylvania,2000,1215,12281054,4.1
Pennsylvania,2001,1021,12298970,4.8
Pennsylvania,2002,1159,12331031,5.6
Pennsylvania,2003,1441,12374658,5.7
Pennsylvania,2004,1600,12410722,5.4
Pennsylvania,2005,1680,12449990,5
Pennsylvania,2006,1834,12510809,4.6
Pennsylvania,2007,1812,12563937,4.4
Pennsylvania,2008,1898,12612285,5.3
Pennsylvania,2009,1983,12666858,8
Pennsylvania,2010,1980,12702379,8.5
Pennsylvania,2011,2342,12742886,7.9
Pennsylvania,2012,2459,12763536,7.8
Pennsylvania,2013,2525,12773801,7.4
Pennsylvania,2014,2829,12787209,5.9
Pennsylvania,2015,3376,12802503,5.3
Pennsylvania,2016,4762,12784227,5.4
Rhode Island,1999,61,1040402,4.2
Rhode Island,2000,76,1048319,4.1
Rhode Island,2001,116,1057142,4.6
Rhode Island,2002,112,1065995,5
Rhode Island,2003,157,1071342,5.3
Rhode Island,2004,109,1074579,5.2
Rhode Island,2005,163,1067916,5
Rhode Island,2006,179,1063096,4.9
Rhode Island,2007,142,1057315,5.2
Rhode Island,2008,193,1055003,7.8
Rhode Island,2009,168,1053646,11
Rhode Island,2010,176,1052567,11.2
Rhode Island,2011,193,1051302,11
Rhode Island,2012,201,1050292,10.4
Rhode Island,2013,252,1051511,9.3
Rhode Island,2014,253,1055173,7.7
Rhode Island,2015,318,1056298,6
Rhode Island,2016,330,1056426,5.2
South Carolina,1999,168,3974682,4.3
South Carolina,2000,289,4012012,3.8
South Carolina,2001,265,4064995,5.2
South Carolina,2002,238,4107795,5.8
South Carolina,2003,310,4150297,6.9
South Carolina,2004,383,4210921,6.8
South Carolina,2005,486,4270150,6.7
South Carolina,2006,641,4357847,6.4
South Carolina,2007,584,4444110,5.7
South Carolina,2008,588,4528996,6.8
South Carolina,2009,631,4589872,11.2
South Carolina,2010,697,4625364,11.2
South Carolina,2011,641,4679230,10.6
South Carolina,2012,611,4723723,9.2
South Carolina,2013,648,4774839,7.6
South Carolina,2014,726,4832482,6.5
South Carolina,2015,793,4896146,6
South Carolina,2016,927,4961119,5
South Dakota,1999,20,750412,2.7
South Dakota,2000,25,754844,2.5
South Dakota,2001,25,757972,3.1
South Dakota,2002,24,760020,3.2
South Dakota,2003,25,763729,3.5
South Dakota,2004,51,770396,3.7
South Dakota,2005,47,775493,3.8
South Dakota,2006,43,783033,3.1
South Dakota,2007,34,791623,2.8
South Dakota,2008,57,799124,3.1
South Dakota,2009,51,807067,4.9
South Dakota,2010,48,814180,5
South Dakota,2011,60,824082,4.7
South Dakota,2012,45,833354,4.3
South Dakota,2013,57,844877,3.8
South Dakota,2014,70,853175,3.4
South Dakota,2015,72,858469,3.1
South Dakota,2016,75,865454,3
Tennessee,1999,374,5638706,4
Tennessee,2000,426,5689283,3.9
Tennessee,2001,469,5750789,4.6
Tennessee,2002,524,5795918,5.2
Tennessee,2003,713,5847812,5.6
Tennessee,2004,822,5910809,5.3
Tennessee,2005,936,5991057,5.6
Tennessee,2006,1030,6088766,5.2
Tennessee,2007,1035,6175727,4.7
Tennessee,2008,977,6247411,6.6
Tennessee,2009,1000,6306019,10.5
Tennessee,2010,1132,6346105,9.7
Tennessee,2011,1123,6403353,9
Tennessee,2012,1221,6456243,7.8
Tennessee,2013,1284,6495978,7.8
Tennessee,2014,1330,6549352,6.6
Tennessee,2015,1546,6600299,5.6
Tennessee,2016,1740,6651194,4.7
Texas,1999,1250,20558220,4.7
Texas,2000,1211,20851820,4.3
Texas,2001,1522,21319622,5
Texas,2002,1780,21690325,6.4
Texas,2003,1985,22030931,6.7
Texas,2004,2039,22394023,5.9
Texas,2005,2152,22778123,5.4
Texas,2006,2452,23359580,4.9
Texas,2007,2343,23831983,4.3
Texas,2008,2199,24309039,4.8
Texas,2009,2509,24801761,7.6
Texas,2010,2492,25145561,8.1
Texas,2011,2690,25674681,7.8
Texas,2012,2546,26059203,6.7
Texas,2013,2606,26448193,6.3
Texas,2014,2727,26956958,5.1
Texas,2015,2732,27469114,4.4
Texas,2016,2965,27862596,4.6
Utah,1999,212,2203482,3.5
Utah,2000,224,2233169,3.3
Utah,2001,216,2283715,4.4
Utah,2002,300,2324815,5.8
Utah,2003,368,2360137,5.6
Utah,2004,411,2401580,5
Utah,2005,481,2457719,4.1
Utah,2006,481,2525507,3
Utah,2007,546,2597746,2.6
Utah,2008,483,2663029,3.6
Utah,2009,508,2723421,7.3
Utah,2010,457,2763885,7.8
Utah,2011,520,2817222,6.7
Utah,2012,612,2855287,5.4
Utah,2013,612,2900872,4.6
Utah,2014,617,2942902,3.8
Utah,2015,667,2995919,3.6
Utah,2016,685,3051217,3.4
Vermont,1999,31,604683,3
Vermont,2000,37,608827,2.8
Vermont,2001,53,612223,3.3
Vermont,2002,54,615442,4
Vermont,2003,73,617858,4.3
Vermont,2004,52,619920,3.7
Vermont,2005,55,621215,3.5
Vermont,2006,83,622892,3.7
Vermont,2007,68,623481,4
Vermont,2008,76,624151,4.7
Vermont,2009,57,624817,6.6
Vermont,2010,68,625741,6.1
Vermont,2011,87,626431,5.5
Vermont,2012,81,626011,5
Vermont,2013,99,626630,4.4
Vermont,2014,90,626562,4
Vermont,2015,111,626042,3.6
Vermont,2016,131,624594,3.2
Virginia,1999,391,7000174,2.7
Virginia,2000,441,7078515,2.3
Virginia,2001,503,7198362,3.2
Virginia,2002,527,7286873,4.2
Virginia,2003,580,7366977,4.1
Virginia,2004,595,7475575,3.8
Virginia,2005,617,7577105,3.6
Virginia,2006,670,7673725,3.1
Virginia,2007,713,7751000,3
Virginia,2008,730,7833496,3.9
Virginia,2009,700,7925937,6.7
Virginia,2010,571,8001024,7.1
Virginia,2011,817,8096604,6.6
Virginia,2012,755,8185867,6.1
Virginia,2013,890,8260405,5.7
Virginia,2014,1002,8326289,5.2
Virginia,2015,1070,8382993,4.5
Virginia,2016,1444,8411808,4.1
Washington,1999,596,5842564,4.9
Washington,2000,599,5894121,5.2
Washington,2001,547,5985722,6.3
Washington,2002,694,6052349,7.4
Washington,2003,752,6104115,7.4
Washington,2004,888,6178645,6.3
Washington,2005,931,6257305,5.6
Washington,2006,970,6370753,5
Washington,2007,1003,6461587,4.7
Washington,2008,1058,6562231,5.4
Washington,2009,1031,6667426,9.2
Washington,2010,962,6724540,10
Washington,2011,1050,6830038,9.3
Washington,2012,1033,6897012,8.1
Washington,2013,1042,6971406,7
Washington,2014,1058,7061530,6.1
Washington,2015,1189,7170351,5.7
Washington,2016,1212,7288000,5.3
West Virginia,1999,80,1811799,6.5
West Virginia,2000,122,1808344,5.5
West Virginia,2001,217,1801481,5
West Virginia,2002,237,1805414,5.9
West Virginia,2003,279,1812295,6
West Virginia,2004,347,1816438,5.3
West Virginia,2005,197,1820492,5.1
West Virginia,2006,378,1827912,4.9
West Virginia,2007,405,1834052,4.6
West Virginia,2008,468,1840310,4.3
West Virginia,2009,235,1847775,7.7
West Virginia,2010,520,1852994,8.7
West Virginia,2011,645,1855364,8.1
West Virginia,2012,576,1855413,7.5
West Virginia,2013,583,1854304,6.8
West Virginia,2014,646,1850326,6.6
West Virginia,2015,750,1844128,6.7
West Virginia,2016,912,1831102,6.1
Wisconsin,1999,237,5332666,3.1
Wisconsin,2000,278,5363675,3.5
Wisconsin,2001,297,5406835,4.5
Wisconsin,2002,364,5445162,5.4
Wisconsin,2003,433,5479203,5.7
Wisconsin,2004,483,5514026,5
Wisconsin,2005,561,5546166,4.7
Wisconsin,2006,642,5577655,4.7
Wisconsin,2007,639,5610775,4.9
Wisconsin,2008,622,5640996,4.9
Wisconsin,2009,641,5669264,8.6
Wisconsin,2010,635,5686986,8.7
Wisconsin,2011,712,5711767,7.8
Wisconsin,2012,714,5726398,7
Wisconsin,2013,874,5742713,6.7
Wisconsin,2014,874,5757564,5.4
Wisconsin,2015,894,5771337,4.5
Wisconsin,2016,1103,5778708,4
Wyoming,1999,21,491780,4.6
Wyoming,2000,27,493782,3.9
Wyoming,2001,25,494657,3.8
Wyoming,2002,36,500017,4
Wyoming,2003,37,503453,4.3
Wyoming,2004,64,509106,3.8
Wyoming,2005,45,514157,3.6
Wyoming,2006,64,522667,3.2
Wyoming,2007,68,534876,2.8
Wyoming,2008,74,546043,3.1
Wyoming,2009,63,559851,6.3
Wyoming,2010,88,563626,6.4
Wyoming,2011,88,568158,5.8
Wyoming,2012,99,576412,5.3
Wyoming,2013,99,582658,4.7
Wyoming,2014,112,584153,4.1
Wyoming,2015,99,586107,4.3
Wyoming,2016,103,585501,5.3
